{"frames": {

"ladyBug_Walk-01.png":
{
	"frame": {"x":407,"y":1,"w":407,"h":410},
	"rotated": false,
	"trimmed": true,
	"spriteSourceSize": {"x":3,"y":0,"w":407,"h":410},
	"sourceSize": {"w":417,"h":417}
},
"ladyBug_Walk-02.png":
{
	"frame": {"x":1,"y":1,"w":404,"h":412},
	"rotated": false,
	"trimmed": true,
	"spriteSourceSize": {"x":6,"y":0,"w":404,"h":412},
	"sourceSize": {"w":417,"h":417}
},
"ladyBug_Walk-03.png":
{
	"frame": {"x":1225,"y":1,"w":404,"h":410},
	"rotated": false,
	"trimmed": true,
	"spriteSourceSize": {"x":6,"y":0,"w":404,"h":410},
	"sourceSize": {"w":417,"h":417}
},
"ladyBug_Walk-04.png":
{
	"frame": {"x":816,"y":1,"w":407,"h":410},
	"rotated": false,
	"trimmed": true,
	"spriteSourceSize": {"x":3,"y":0,"w":407,"h":410},
	"sourceSize": {"w":417,"h":417}
}},
"meta": {
	"app": "http://www.codeandweb.com/texturepacker",
	"version": "1.0",
	"image": "ladyBug_WalkV2.png",
	"format": "RGBA8888",
	"size": {"w":1630,"h":414},
	"scale": "1",
	"smartupdate": "$TexturePacker:SmartUpdate:75106b3edd1139528f9d876ae9307f54:7168dde6680e467b5012717a55130314:c6bef70886b98c41f0353e9f7e967594$"
}
}
