{"frames": {

"ladtBug_fly-01.png":
{
	"frame": {"x":1147,"y":1,"w":358,"h":349},
	"rotated": false,
	"trimmed": true,
	"spriteSourceSize": {"x":7,"y":42,"w":358,"h":349},
	"sourceSize": {"w":417,"h":417}
},
"ladtBug_fly-02.png":
{
	"frame": {"x":781,"y":1,"w":364,"h":349},
	"rotated": false,
	"trimmed": true,
	"spriteSourceSize": {"x":7,"y":42,"w":364,"h":349},
	"sourceSize": {"w":417,"h":417}
},
"ladtBug_fly-03.png":
{
	"frame": {"x":1,"y":1,"w":388,"h":349},
	"rotated": false,
	"trimmed": true,
	"spriteSourceSize": {"x":7,"y":42,"w":388,"h":349},
	"sourceSize": {"w":417,"h":417}
},
"ladtBug_fly-04.png":
{
	"frame": {"x":391,"y":1,"w":388,"h":349},
	"rotated": false,
	"trimmed": true,
	"spriteSourceSize": {"x":7,"y":42,"w":388,"h":349},
	"sourceSize": {"w":417,"h":417}
}},
"meta": {
	"app": "http://www.codeandweb.com/texturepacker",
	"version": "1.0",
	"image": "ladyBug_fly.png",
	"format": "RGBA8888",
	"size": {"w":1506,"h":351},
	"scale": "1",
	"smartupdate": "$TexturePacker:SmartUpdate:541cb9eb4fa36ddd359c9339afc9134b:5f3c6e72c649d38986d63597d2ab46d7:b6e57a8c7aa051c0f4d23ba5e28cf24b$"
}
}
